Bucket,Cumulative_Pct,Marginal_Pct
Top 1,3.48,3.48
Top 3,12.38,8.9
Top 5,25.52,13.139999999999999
Top 10,39.76,14.239999999999998
Top 30,40.93,1.1700000000000017
